store_id,product_id,current_stock,last_updated
S001,P001,63,2026-03-31
S002,P001,582,2026-03-31
S003,P001,296,2026-03-31
S004,P001,140,2026-03-31
S005,P001,220,2026-03-31
S006,P001,310,2026-03-31
S007,P001,690,2026-03-31
S008,P001,165,2026-03-31
S009,P001,160,2026-03-31
S010,P001,39,2026-03-31
S011,P001,159,2026-03-31
S012,P001,123,2026-03-31
S013,P001,204,2026-03-31
S014,P001,531,2026-03-31
S015,P001,54,2026-03-31
S016,P001,730,2026-03-31
S017,P001,260,2026-03-31
S018,P001,144,2026-03-31
S019,P001,60,2026-03-31
S020,P001,177,2026-03-31
S001,P002,45,2026-03-31
S002,P002,131,2026-03-31
S003,P002,141,2026-03-31
S004,P002,360,2026-03-31
S005,P002,233,2026-03-31
S006,P002,257,2026-03-31
S007,P002,219,2026-03-31
S008,P002,277,2026-03-31
S009,P002,126,2026-03-31
S010,P002,115,2026-03-31
S011,P002,59,2026-03-31
S012,P002,83,2026-03-31
S013,P002,35,2026-03-31
S014,P002,155,2026-03-31
S015,P002,174,2026-03-31
S016,P002,44,2026-03-31
S017,P002,297,2026-03-31
S018,P002,82,2026-03-31
S019,P002,100,2026-03-31
S020,P002,259,2026-03-31
S001,P003,27,2026-03-31
S002,P003,34,2026-03-31
S003,P003,275,2026-03-31
S004,P003,517,2026-03-31
S005,P003,207,2026-03-31
S006,P003,288,2026-03-31
S007,P003,199,2026-03-31
S008,P003,571,2026-03-31
S009,P003,305,2026-03-31
S010,P003,214,2026-03-31
S011,P003,204,2026-03-31
S012,P003,230,2026-03-31
S013,P003,333,2026-03-31
S014,P003,235,2026-03-31
S015,P003,598,2026-03-31
S016,P003,504,2026-03-31
S017,P003,119,2026-03-31
S018,P003,44,2026-03-31
S019,P003,48,2026-03-31
S020,P003,238,2026-03-31
S001,P004,9,2026-03-31
S002,P004,16,2026-03-31
S003,P004,27,2026-03-31
S004,P004,13,2026-03-31
S005,P004,2,2026-03-31
S006,P004,21,2026-03-31
S007,P004,39,2026-03-31
S008,P004,23,2026-03-31
S009,P004,17,2026-03-31
S010,P004,14,2026-03-31
S011,P004,62,2026-03-31
S012,P004,17,2026-03-31
S013,P004,56,2026-03-31
S014,P004,7,2026-03-31
S015,P004,59,2026-03-31
S016,P004,22,2026-03-31
S017,P004,18,2026-03-31
S018,P004,26,2026-03-31
S019,P004,5,2026-03-31
S020,P004,6,2026-03-31
S001,P005,33,2026-03-31
S002,P005,202,2026-03-31
S003,P005,128,2026-03-31
S004,P005,253,2026-03-31
S005,P005,47,2026-03-31
S006,P005,39,2026-03-31
S007,P005,184,2026-03-31
S008,P005,139,2026-03-31
S009,P005,45,2026-03-31
S010,P005,168,2026-03-31
S011,P005,140,2026-03-31
S012,P005,181,2026-03-31
S013,P005,345,2026-03-31
S014,P005,196,2026-03-31
S015,P005,123,2026-03-31
S016,P005,590,2026-03-31
S017,P005,485,2026-03-31
S018,P005,176,2026-03-31
S019,P005,485,2026-03-31
S020,P005,459,2026-03-31
S001,P006,36,2026-03-31
S002,P006,108,2026-03-31
S003,P006,164,2026-03-31
S004,P006,250,2026-03-31
S005,P006,270,2026-03-31
S006,P006,124,2026-03-31
S007,P006,157,2026-03-31
S008,P006,86,2026-03-31
S009,P006,59,2026-03-31
S010,P006,176,2026-03-31
S011,P006,375,2026-03-31
S012,P006,172,2026-03-31
S013,P006,181,2026-03-31
S014,P006,142,2026-03-31
S015,P006,56,2026-03-31
S016,P006,88,2026-03-31
S017,P006,28,2026-03-31
S018,P006,120,2026-03-31
S019,P006,124,2026-03-31
S020,P006,275,2026-03-31
S001,P007,45,2026-03-31
S002,P007,32,2026-03-31
S003,P007,19,2026-03-31
S004,P007,41,2026-03-31
S005,P007,31,2026-03-31
S006,P007,80,2026-03-31
S007,P007,23,2026-03-31
S008,P007,39,2026-03-31
S009,P007,213,2026-03-31
S010,P007,63,2026-03-31
S011,P007,76,2026-03-31
S012,P007,116,2026-03-31
S013,P007,109,2026-03-31
S014,P007,205,2026-03-31
S015,P007,63,2026-03-31
S016,P007,213,2026-03-31
S017,P007,219,2026-03-31
S018,P007,72,2026-03-31
S019,P007,88,2026-03-31
S020,P007,59,2026-03-31
S001,P008,420,2026-03-31
S002,P008,102,2026-03-31
S003,P008,265,2026-03-31
S004,P008,187,2026-03-31
S005,P008,28,2026-03-31
S006,P008,82,2026-03-31
S007,P008,284,2026-03-31
S008,P008,168,2026-03-31
S009,P008,173,2026-03-31
S010,P008,181,2026-03-31
S011,P008,741,2026-03-31
S012,P008,110,2026-03-31
S013,P008,170,2026-03-31
S014,P008,222,2026-03-31
S015,P008,264,2026-03-31
S016,P008,161,2026-03-31
S017,P008,488,2026-03-31
S018,P008,39,2026-03-31
S019,P008,245,2026-03-31
S020,P008,369,2026-03-31
S001,P009,92,2026-03-31
S002,P009,208,2026-03-31
S003,P009,181,2026-03-31
S004,P009,280,2026-03-31
S005,P009,56,2026-03-31
S006,P009,146,2026-03-31
S007,P009,320,2026-03-31
S008,P009,89,2026-03-31
S009,P009,228,2026-03-31
S010,P009,258,2026-03-31
S011,P009,57,2026-03-31
S012,P009,365,2026-03-31
S013,P009,285,2026-03-31
S014,P009,559,2026-03-31
S015,P009,33,2026-03-31
S016,P009,172,2026-03-31
S017,P009,300,2026-03-31
S018,P009,258,2026-03-31
S019,P009,52,2026-03-31
S020,P009,464,2026-03-31
S001,P010,79,2026-03-31
S002,P010,154,2026-03-31
S003,P010,26,2026-03-31
S004,P010,25,2026-03-31
S005,P010,119,2026-03-31
S006,P010,74,2026-03-31
S007,P010,21,2026-03-31
S008,P010,122,2026-03-31
S009,P010,336,2026-03-31
S010,P010,268,2026-03-31
S011,P010,101,2026-03-31
S012,P010,178,2026-03-31
S013,P010,163,2026-03-31
S014,P010,125,2026-03-31
S015,P010,42,2026-03-31
S016,P010,270,2026-03-31
S017,P010,100,2026-03-31
S018,P010,214,2026-03-31
S019,P010,102,2026-03-31
S020,P010,116,2026-03-31
S001,P011,146,2026-03-31
S002,P011,141,2026-03-31
S003,P011,127,2026-03-31
S004,P011,128,2026-03-31
S005,P011,160,2026-03-31
S006,P011,221,2026-03-31
S007,P011,114,2026-03-31
S008,P011,14,2026-03-31
S009,P011,22,2026-03-31
S010,P011,12,2026-03-31
S011,P011,64,2026-03-31
S012,P011,105,2026-03-31
S013,P011,89,2026-03-31
S014,P011,229,2026-03-31
S015,P011,39,2026-03-31
S016,P011,70,2026-03-31
S017,P011,77,2026-03-31
S018,P011,69,2026-03-31
S019,P011,103,2026-03-31
S020,P011,139,2026-03-31
S001,P012,381,2026-03-31
S002,P012,284,2026-03-31
S003,P012,370,2026-03-31
S004,P012,782,2026-03-31
S005,P012,224,2026-03-31
S006,P012,128,2026-03-31
S007,P012,400,2026-03-31
S008,P012,451,2026-03-31
S009,P012,43,2026-03-31
S010,P012,328,2026-03-31
S011,P012,420,2026-03-31
S012,P012,50,2026-03-31
S013,P012,314,2026-03-31
S014,P012,183,2026-03-31
S015,P012,149,2026-03-31
S016,P012,175,2026-03-31
S017,P012,695,2026-03-31
S018,P012,75,2026-03-31
S019,P012,660,2026-03-31
S020,P012,325,2026-03-31
S001,P013,344,2026-03-31
S002,P013,401,2026-03-31
S003,P013,94,2026-03-31
S004,P013,60,2026-03-31
S005,P013,405,2026-03-31
S006,P013,272,2026-03-31
S007,P013,328,2026-03-31
S008,P013,316,2026-03-31
S009,P013,389,2026-03-31
S010,P013,530,2026-03-31
S011,P013,315,2026-03-31
S012,P013,735,2026-03-31
S013,P013,296,2026-03-31
S014,P013,313,2026-03-31
S015,P013,859,2026-03-31
S016,P013,284,2026-03-31
S017,P013,86,2026-03-31
S018,P013,58,2026-03-31
S019,P013,746,2026-03-31
S020,P013,401,2026-03-31
S001,P014,109,2026-03-31
S002,P014,283,2026-03-31
S003,P014,241,2026-03-31
S004,P014,259,2026-03-31
S005,P014,51,2026-03-31
S006,P014,54,2026-03-31
S007,P014,566,2026-03-31
S008,P014,251,2026-03-31
S009,P014,92,2026-03-31
S010,P014,169,2026-03-31
S011,P014,612,2026-03-31
S012,P014,173,2026-03-31
S013,P014,471,2026-03-31
S014,P014,545,2026-03-31
S015,P014,219,2026-03-31
S016,P014,71,2026-03-31
S017,P014,120,2026-03-31
S018,P014,122,2026-03-31
S019,P014,111,2026-03-31
S020,P014,155,2026-03-31
S001,P015,140,2026-03-31
S002,P015,49,2026-03-31
S003,P015,103,2026-03-31
S004,P015,241,2026-03-31
S005,P015,35,2026-03-31
S006,P015,167,2026-03-31
S007,P015,135,2026-03-31
S008,P015,257,2026-03-31
S009,P015,189,2026-03-31
S010,P015,265,2026-03-31
S011,P015,218,2026-03-31
S012,P015,217,2026-03-31
S013,P015,205,2026-03-31
S014,P015,143,2026-03-31
S015,P015,295,2026-03-31
S016,P015,212,2026-03-31
S017,P015,171,2026-03-31
S018,P015,46,2026-03-31
S019,P015,100,2026-03-31
S020,P015,42,2026-03-31
S001,P016,246,2026-03-31
S002,P016,155,2026-03-31
S003,P016,206,2026-03-31
S004,P016,85,2026-03-31
S005,P016,88,2026-03-31
S006,P016,251,2026-03-31
S007,P016,283,2026-03-31
S008,P016,91,2026-03-31
S009,P016,349,2026-03-31
S010,P016,293,2026-03-31
S011,P016,376,2026-03-31
S012,P016,466,2026-03-31
S013,P016,746,2026-03-31
S014,P016,787,2026-03-31
S015,P016,626,2026-03-31
S016,P016,709,2026-03-31
S017,P016,70,2026-03-31
S018,P016,375,2026-03-31
S019,P016,368,2026-03-31
S020,P016,348,2026-03-31
S001,P017,251,2026-03-31
S002,P017,573,2026-03-31
S003,P017,127,2026-03-31
S004,P017,402,2026-03-31
S005,P017,282,2026-03-31
S006,P017,164,2026-03-31
S007,P017,207,2026-03-31
S008,P017,236,2026-03-31
S009,P017,158,2026-03-31
S010,P017,248,2026-03-31
S011,P017,283,2026-03-31
S012,P017,48,2026-03-31
S013,P017,481,2026-03-31
S014,P017,50,2026-03-31
S015,P017,548,2026-03-31
S016,P017,395,2026-03-31
S017,P017,66,2026-03-31
S018,P017,144,2026-03-31
S019,P017,125,2026-03-31
S020,P017,42,2026-03-31
S001,P018,190,2026-03-31
S002,P018,125,2026-03-31
S003,P018,38,2026-03-31
S004,P018,40,2026-03-31
S005,P018,398,2026-03-31
S006,P018,205,2026-03-31
S007,P018,234,2026-03-31
S008,P018,155,2026-03-31
S009,P018,325,2026-03-31
S010,P018,171,2026-03-31
S011,P018,34,2026-03-31
S012,P018,183,2026-03-31
S013,P018,120,2026-03-31
S014,P018,180,2026-03-31
S015,P018,132,2026-03-31
S016,P018,417,2026-03-31
S017,P018,23,2026-03-31
S018,P018,137,2026-03-31
S019,P018,75,2026-03-31
S020,P018,274,2026-03-31
S001,P019,615,2026-03-31
S002,P019,437,2026-03-31
S003,P019,96,2026-03-31
S004,P019,246,2026-03-31
S005,P019,394,2026-03-31
S006,P019,496,2026-03-31
S007,P019,290,2026-03-31
S008,P019,108,2026-03-31
S009,P019,70,2026-03-31
S010,P019,324,2026-03-31
S011,P019,320,2026-03-31
S012,P019,450,2026-03-31
S013,P019,67,2026-03-31
S014,P019,800,2026-03-31
S015,P019,543,2026-03-31
S016,P019,293,2026-03-31
S017,P019,512,2026-03-31
S018,P019,815,2026-03-31
S019,P019,391,2026-03-31
S020,P019,786,2026-03-31
S001,P020,76,2026-03-31
S002,P020,166,2026-03-31
S003,P020,76,2026-03-31
S004,P020,199,2026-03-31
S005,P020,35,2026-03-31
S006,P020,45,2026-03-31
S007,P020,93,2026-03-31
S008,P020,163,2026-03-31
S009,P020,148,2026-03-31
S010,P020,218,2026-03-31
S011,P020,44,2026-03-31
S012,P020,126,2026-03-31
S013,P020,185,2026-03-31
S014,P020,254,2026-03-31
S015,P020,19,2026-03-31
S016,P020,187,2026-03-31
S017,P020,85,2026-03-31
S018,P020,229,2026-03-31
S019,P020,125,2026-03-31
S020,P020,92,2026-03-31
S001,P021,138,2026-03-31
S002,P021,221,2026-03-31
S003,P021,266,2026-03-31
S004,P021,742,2026-03-31
S005,P021,267,2026-03-31
S006,P021,84,2026-03-31
S007,P021,427,2026-03-31
S008,P021,232,2026-03-31
S009,P021,436,2026-03-31
S010,P021,60,2026-03-31
S011,P021,587,2026-03-31
S012,P021,337,2026-03-31
S013,P021,293,2026-03-31
S014,P021,862,2026-03-31
S015,P021,436,2026-03-31
S016,P021,69,2026-03-31
S017,P021,438,2026-03-31
S018,P021,450,2026-03-31
S019,P021,110,2026-03-31
S020,P021,418,2026-03-31
S001,P022,105,2026-03-31
S002,P022,116,2026-03-31
S003,P022,82,2026-03-31
S004,P022,140,2026-03-31
S005,P022,282,2026-03-31
S006,P022,293,2026-03-31
S007,P022,191,2026-03-31
S008,P022,244,2026-03-31
S009,P022,22,2026-03-31
S010,P022,42,2026-03-31
S011,P022,164,2026-03-31
S012,P022,162,2026-03-31
S013,P022,83,2026-03-31
S014,P022,30,2026-03-31
S015,P022,29,2026-03-31
S016,P022,78,2026-03-31
S017,P022,96,2026-03-31
S018,P022,78,2026-03-31
S019,P022,108,2026-03-31
S020,P022,276,2026-03-31
S001,P023,203,2026-03-31
S002,P023,27,2026-03-31
S003,P023,208,2026-03-31
S004,P023,208,2026-03-31
S005,P023,123,2026-03-31
S006,P023,248,2026-03-31
S007,P023,117,2026-03-31
S008,P023,56,2026-03-31
S009,P023,110,2026-03-31
S010,P023,119,2026-03-31
S011,P023,46,2026-03-31
S012,P023,46,2026-03-31
S013,P023,118,2026-03-31
S014,P023,157,2026-03-31
S015,P023,54,2026-03-31
S016,P023,134,2026-03-31
S017,P023,75,2026-03-31
S018,P023,22,2026-03-31
S019,P023,139,2026-03-31
S020,P023,105,2026-03-31
S001,P024,492,2026-03-31
S002,P024,88,2026-03-31
S003,P024,223,2026-03-31
S004,P024,342,2026-03-31
S005,P024,156,2026-03-31
S006,P024,390,2026-03-31
S007,P024,81,2026-03-31
S008,P024,108,2026-03-31
S009,P024,321,2026-03-31
S010,P024,68,2026-03-31
S011,P024,475,2026-03-31
S012,P024,255,2026-03-31
S013,P024,170,2026-03-31
S014,P024,487,2026-03-31
S015,P024,183,2026-03-31
S016,P024,61,2026-03-31
S017,P024,592,2026-03-31
S018,P024,215,2026-03-31
S019,P024,199,2026-03-31
S020,P024,281,2026-03-31
S001,P025,72,2026-03-31
S002,P025,123,2026-03-31
S003,P025,257,2026-03-31
S004,P025,137,2026-03-31
S005,P025,106,2026-03-31
S006,P025,286,2026-03-31
S007,P025,36,2026-03-31
S008,P025,10,2026-03-31
S009,P025,121,2026-03-31
S010,P025,86,2026-03-31
S011,P025,109,2026-03-31
S012,P025,48,2026-03-31
S013,P025,159,2026-03-31
S014,P025,272,2026-03-31
S015,P025,196,2026-03-31
S016,P025,247,2026-03-31
S017,P025,154,2026-03-31
S018,P025,28,2026-03-31
S019,P025,161,2026-03-31
S020,P025,39,2026-03-31
S001,P026,85,2026-03-31
S002,P026,217,2026-03-31
S003,P026,70,2026-03-31
S004,P026,109,2026-03-31
S005,P026,412,2026-03-31
S006,P026,277,2026-03-31
S007,P026,158,2026-03-31
S008,P026,33,2026-03-31
S009,P026,191,2026-03-31
S010,P026,343,2026-03-31
S011,P026,127,2026-03-31
S012,P026,198,2026-03-31
S013,P026,338,2026-03-31
S014,P026,550,2026-03-31
S015,P026,178,2026-03-31
S016,P026,366,2026-03-31
S017,P026,125,2026-03-31
S018,P026,41,2026-03-31
S019,P026,80,2026-03-31
S020,P026,373,2026-03-31
S001,P027,99,2026-03-31
S002,P027,179,2026-03-31
S003,P027,196,2026-03-31
S004,P027,65,2026-03-31
S005,P027,427,2026-03-31
S006,P027,280,2026-03-31
S007,P027,520,2026-03-31
S008,P027,222,2026-03-31
S009,P027,479,2026-03-31
S010,P027,297,2026-03-31
S011,P027,235,2026-03-31
S012,P027,261,2026-03-31
S013,P027,175,2026-03-31
S014,P027,254,2026-03-31
S015,P027,71,2026-03-31
S016,P027,79,2026-03-31
S017,P027,211,2026-03-31
S018,P027,213,2026-03-31
S019,P027,31,2026-03-31
S020,P027,167,2026-03-31
S001,P028,90,2026-03-31
S002,P028,104,2026-03-31
S003,P028,19,2026-03-31
S004,P028,83,2026-03-31
S005,P028,138,2026-03-31
S006,P028,51,2026-03-31
S007,P028,98,2026-03-31
S008,P028,175,2026-03-31
S009,P028,126,2026-03-31
S010,P028,45,2026-03-31
S011,P028,213,2026-03-31
S012,P028,15,2026-03-31
S013,P028,116,2026-03-31
S014,P028,21,2026-03-31
S015,P028,29,2026-03-31
S016,P028,89,2026-03-31
S017,P028,165,2026-03-31
S018,P028,37,2026-03-31
S019,P028,89,2026-03-31
S020,P028,70,2026-03-31
S001,P029,330,2026-03-31
S002,P029,83,2026-03-31
S003,P029,693,2026-03-31
S004,P029,268,2026-03-31
S005,P029,274,2026-03-31
S006,P029,425,2026-03-31
S007,P029,313,2026-03-31
S008,P029,193,2026-03-31
S009,P029,326,2026-03-31
S010,P029,413,2026-03-31
S011,P029,193,2026-03-31
S012,P029,361,2026-03-31
S013,P029,357,2026-03-31
S014,P029,401,2026-03-31
S015,P029,600,2026-03-31
S016,P029,41,2026-03-31
S017,P029,357,2026-03-31
S018,P029,424,2026-03-31
S019,P029,82,2026-03-31
S020,P029,71,2026-03-31
S001,P030,183,2026-03-31
S002,P030,300,2026-03-31
S003,P030,504,2026-03-31
S004,P030,275,2026-03-31
S005,P030,38,2026-03-31
S006,P030,415,2026-03-31
S007,P030,171,2026-03-31
S008,P030,128,2026-03-31
S009,P030,39,2026-03-31
S010,P030,208,2026-03-31
S011,P030,199,2026-03-31
S012,P030,236,2026-03-31
S013,P030,366,2026-03-31
S014,P030,98,2026-03-31
S015,P030,628,2026-03-31
S016,P030,86,2026-03-31
S017,P030,580,2026-03-31
S018,P030,328,2026-03-31
S019,P030,585,2026-03-31
S020,P030,238,2026-03-31
